,Jane Cooper,example10mail.com,12,10,In Progress,View More
,Guy Hawkins,example10mail.com,18,12,In Progress,View More
,Dianne Russell,example10mail.com,10,08,In Progress,View More
,Dianne Russell,example10mail.com,08,09,In Progress,View More
,Ronald Richards,example10mail.com,15,08,Completed,View More
,Jenny Wilson,example10mail.com,18,09,Completed,View More
,Devon Lane,example10mail.com,22,12,In Progress,View More
,Eleanor Pena,example10mail.com,07,08,Completed,View More
,Robert Fox,example10mail.com,10,02,Completed,View More
,Ronald Richards,example10mail.com,09,01,In Progress,View More
,Jacob Jones,example10mail.com,08,05,In Progress,View More
,Ronald Richards,example10mail.com,09,01,In Progress,View More